time_steps,reward ep.,length
10240,-2423.902238357773,75.6
20480,-1578.1716861898717,160.0
